model,auc,gini,ks
logistic_scorecard,0.8481070822404266,0.6962141644808533,0.5433539611221577
xgboost_challenger,0.8667283231562263,0.7334566463124526,0.5752061119386679
