SeriousDlqin2yrs,count,rate
0,139974,0.93316
1,10026,0.06684
